{
  "realign_target_creator-soykb-52;dedup-soykb-52": 1.0371997690427635,
  "dedup-soykb-52;realign_target_creator-soykb-52": 1.0326155341425958,
  "combine_variants-soykb-52;dedup-soykb-52": 1.0454091322488128,
  "dedup-soykb-52;combine_variants-soykb-52": 1.0637475352758738,
  "select_variants_snp-soykb-52;realign_target_creator-soykb-52": 1.0793999803684093,
  "realign_target_creator-soykb-52;select_variants_snp-soykb-52": 1.0293102576833566,
  "filtering_indel-soykb-52;realign_target_creator-soykb-52": 1.1412922338643654,
  "realign_target_creator-soykb-52;filtering_indel-soykb-52": 1.0348166702033577,
  "alignment_to_reference-soykb-52;haplotype_caller-soykb-52": 0.969330618559604,
  "haplotype_caller-soykb-52;alignment_to_reference-soykb-52": 1.0034204925635883,
  "filtering_indel-soykb-52;haplotype_caller-soykb-52": 1.0971837233437467,
  "haplotype_caller-soykb-52;filtering_indel-soykb-52": 1.0148183790697014,
  "indel_realign-soykb-52;indel_realign-soykb-52": 1.1119597492603956,
  "combine_variants-soykb-52;genotype_gvcfs-soykb-52": 1.099566309262428,
  "genotype_gvcfs-soykb-52;combine_variants-soykb-52": 1.0335060439791908,
  "combine_variants-soykb-52;select_variants_snp-soykb-52": 1.152281023110184,
  "select_variants_snp-soykb-52;combine_variants-soykb-52": 1.0512794983251506,
  "select_variants_indel-soykb-52;select_variants_snp-soykb-52": 1.092554920633487,
  "select_variants_snp-soykb-52;select_variants_indel-soykb-52": 1.0816700646760635,
  "select_variants_snp-soykb-52;filtering_snp-soykb-52": 1.0528576601385107,
  "filtering_snp-soykb-52;select_variants_snp-soykb-52": 1.1868823822423096,
  "add_replace-soykb-52;add_replace-soykb-52": 1.102011320395893,
  "dedup-soykb-52;filtering_indel-soykb-52": 1.0725640413149613,
  "filtering_indel-soykb-52;dedup-soykb-52": 1.0651800948247971,
  "filtering_snp-soykb-52;filtering_indel-soykb-52": 1.1836251159733815,
  "filtering_indel-soykb-52;filtering_snp-soykb-52": 1.132390753217211,
  "filtering_snp-soykb-52;genotype_gvcfs-soykb-52": 1.1606021156530557,
  "genotype_gvcfs-soykb-52;filtering_snp-soykb-52": 1.0208980592351762,
  "filtering_snp-soykb-52;sort_sam-soykb-52": 1.075990024784296,
  "sort_sam-soykb-52;filtering_snp-soykb-52": 1.041771578734624,
  "select_variants_indel-soykb-52;combine_variants-soykb-52": 1.047375795683242,
  "combine_variants-soykb-52;select_variants_indel-soykb-52": 1.1373955435592733,
  "merge_gcvf-soykb-52;merge_gcvf-soykb-52": 1.0285323533279456,
  "merge_gcvf-soykb-52;indel_realign-soykb-52": 1.0124344996638073,
  "indel_realign-soykb-52;merge_gcvf-soykb-52": 1.1061702892068523,
  "add_replace-soykb-52;haplotype_caller-soykb-52": 1.1263136994387488,
  "haplotype_caller-soykb-52;add_replace-soykb-52": 1.0252941372109219,
  "alignment_to_reference-soykb-52;alignment_to_reference-soykb-52": 1.2379239410849716,
  "add_replace-soykb-52;alignment_to_reference-soykb-52": 0.9998646953454922,
  "alignment_to_reference-soykb-52;add_replace-soykb-52": 0.9273632569250865,
  "filtering_snp-soykb-52;alignment_to_reference-soykb-52": 1.0871714227298728,
  "alignment_to_reference-soykb-52;filtering_snp-soykb-52": 0.9956068694227186,
  "realign_target_creator-soykb-52;combine_variants-soykb-52": 1.0294349218531522,
  "combine_variants-soykb-52;realign_target_creator-soykb-52": 1.142136693000006,
  "alignment_to_reference-soykb-52;genotype_gvcfs-soykb-52": 0.9550575963581165,
  "genotype_gvcfs-soykb-52;alignment_to_reference-soykb-52": 0.9967235552184398,
  "merge_gcvf-soykb-52;dedup-soykb-52": 0.9966910699973088,
  "dedup-soykb-52;merge_gcvf-soykb-52": 1.04487180313453,
  "combine_variants-soykb-52;indel_realign-soykb-52": 1.1030822311465358,
  "indel_realign-soykb-52;combine_variants-soykb-52": 1.1014670859472555,
  "genotype_gvcfs-soykb-52;realign_target_creator-soykb-52": 1.0582584500772403,
  "realign_target_creator-soykb-52;genotype_gvcfs-soykb-52": 1.0142270061833107,
  "combine_variants-soykb-52;sort_sam-soykb-52": 1.02243297863965,
  "sort_sam-soykb-52;combine_variants-soykb-52": 1.0611024845985513,
  "filtering_snp-soykb-52;filtering_snp-soykb-52": 1.192754324061097,
  "realign_target_creator-soykb-52;filtering_snp-soykb-52": 1.0256806267922693,
  "filtering_snp-soykb-52;realign_target_creator-soykb-52": 1.1818414115953115,
  "realign_target_creator-soykb-52;realign_target_creator-soykb-52": 1.095423057308672,
  "filtering_indel-soykb-52;alignment_to_reference-soykb-52": 1.0276970246633819,
  "alignment_to_reference-soykb-52;filtering_indel-soykb-52": 0.9682007353875077,
  "sort_sam-soykb-52;realign_target_creator-soykb-52": 1.04948296360507,
  "realign_target_creator-soykb-52;sort_sam-soykb-52": 1.0337426733413229,
  "filtering_snp-soykb-52;merge_gcvf-soykb-52": 1.1655680507255173,
  "merge_gcvf-soykb-52;filtering_snp-soykb-52": 1.0073033189840592,
  "indel_realign-soykb-52;sort_sam-soykb-52": 1.0273034319637202,
  "sort_sam-soykb-52;indel_realign-soykb-52": 1.05983124113615,
  "genotype_gvcfs-soykb-52;select_variants_indel-soykb-52": 1.0433408709810332,
  "select_variants_indel-soykb-52;genotype_gvcfs-soykb-52": 1.06659958365489,
  "filtering_snp-soykb-52;haplotype_caller-soykb-52": 1.1258015892258535,
  "haplotype_caller-soykb-52;filtering_snp-soykb-52": 1.000186408245687,
  "sort_sam-soykb-52;alignment_to_reference-soykb-52": 0.98100930271757,
  "alignment_to_reference-soykb-52;sort_sam-soykb-52": 0.9490265293176264,
  "dedup-soykb-52;dedup-soykb-52": 1.0842896125828385,
  "merge_gcvf-soykb-52;filtering_indel-soykb-52": 1.0036517223217702,
  "filtering_indel-soykb-52;merge_gcvf-soykb-52": 1.0874294227064418,
  "merge_gcvf-soykb-52;alignment_to_reference-soykb-52": 0.9598704783310413,
  "alignment_to_reference-soykb-52;merge_gcvf-soykb-52": 0.9429159989902349,
  "add_replace-soykb-52;combine_variants-soykb-52": 1.0891594663772624,
  "combine_variants-soykb-52;add_replace-soykb-52": 1.0382086241412232,
  "add_replace-soykb-52;indel_realign-soykb-52": 1.096091433328202,
  "indel_realign-soykb-52;add_replace-soykb-52": 1.0502757974462091,
  "sort_sam-soykb-52;sort_sam-soykb-52": 1.0896033812711277,
  "sort_sam-soykb-52;haplotype_caller-soykb-52": 1.0514996118591047,
  "haplotype_caller-soykb-52;sort_sam-soykb-52": 1.019049058983653,
  "add_replace-soykb-52;filtering_indel-soykb-52": 1.0924974384786386,
  "filtering_indel-soykb-52;add_replace-soykb-52": 1.056860304676107,
  "select_variants_snp-soykb-52;merge_gcvf-soykb-52": 1.0372302444204309,
  "merge_gcvf-soykb-52;select_variants_snp-soykb-52": 1.0099641593132698,
  "haplotype_caller-soykb-52;merge_gcvf-soykb-52": 1.0431562894926898,
  "merge_gcvf-soykb-52;haplotype_caller-soykb-52": 1.011975217895113,
  "genotype_gvcfs-soykb-52;genotype_gvcfs-soykb-52": 1.0480714100188264,
  "add_replace-soykb-52;select_variants_snp-soykb-52": 1.0738045326302428,
  "select_variants_snp-soykb-52;add_replace-soykb-52": 0.9949450420298784,
  "sort_sam-soykb-52;dedup-soykb-52": 1.0416465572955924,
  "dedup-soykb-52;sort_sam-soykb-52": 1.0122642468893115,
  "select_variants_indel-soykb-52;add_replace-soykb-52": 1.0192044744266,
  "add_replace-soykb-52;select_variants_indel-soykb-52": 1.0750251416775112,
  "select_variants_indel-soykb-52;select_variants_indel-soykb-52": 1.1051583128083184,
  "select_variants_snp-soykb-52;select_variants_snp-soykb-52": 1.1035838409587757,
  "add_replace-soykb-52;dedup-soykb-52": 1.060923041000852,
  "dedup-soykb-52;add_replace-soykb-52": 1.0319552006954107,
  "merge_gcvf-soykb-52;add_replace-soykb-52": 1.0082901423818549,
  "add_replace-soykb-52;merge_gcvf-soykb-52": 1.0570602569872174,
  "filtering_indel-soykb-52;genotype_gvcfs-soykb-52": 1.1196564127516375,
  "genotype_gvcfs-soykb-52;filtering_indel-soykb-52": 1.0356332398512316,
  "alignment_to_reference-soykb-52;realign_target_creator-soykb-52": 0.9968406727489757,
  "realign_target_creator-soykb-52;alignment_to_reference-soykb-52": 1.0120435300153194,
  "select_variants_indel-soykb-52;filtering_indel-soykb-52": 1.0400939958488125,