{
  "genotype_gvcfs-soykb-52;merge_gcvf-soykb-52": 1.21133770332605,
  "merge_gcvf-soykb-52;genotype_gvcfs-soykb-52": 1.0687805495793719,
  "filtering_indel-soykb-52;haplotype_caller-soykb-52": 1.2464838255977497,
  "haplotype_caller-soykb-52;filtering_indel-soykb-52": 0.9756215504160344,
  "sort_sam-soykb-52;filtering_indel-soykb-52": 1.0466101694915255,
  "filtering_indel-soykb-52;sort_sam-soykb-52": 1.0312939521800282,
  "merge_gcvf-soykb-52;select_variants_snp-soykb-52": 0.9971892087689894,
  "select_variants_snp-soykb-52;merge_gcvf-soykb-52": 0.9158427103932241,
  "combine_variants-soykb-52;merge_gcvf-soykb-52": 1.1106124604012673,
  "merge_gcvf-soykb-52;combine_variants-soykb-52": 1.0278263379557278,
  "dedup-soykb-52;realign_target_creator-soykb-52": 0.9814502529510961,
  "realign_target_creator-soykb-52;dedup-soykb-52": 0.9039429489832254,
  "combine_variants-soykb-52;dedup-soykb-52": 0.996832101372756,
  "dedup-soykb-52;combine_variants-soykb-52": 0.9772344013490725,
  "filtering_snp-soykb-52;realign_target_creator-soykb-52": 1.2278343023255813,
  "realign_target_creator-soykb-52;filtering_snp-soykb-52": 0.8544660128768995,
  "select_variants_indel-soykb-52;select_variants_snp-soykb-52": 1.5629662979161307,
  "select_variants_snp-soykb-52;select_variants_indel-soykb-52": 1.2698493253766865,
  "indel_realign-soykb-52;realign_target_creator-soykb-52": 1.0411454904542463,
  "realign_target_creator-soykb-52;indel_realign-soykb-52": 0.9114977816701474,
  "filtering_snp-soykb-52;select_variants_snp-soykb-52": 1.3426598837209303,
  "select_variants_snp-soykb-52;filtering_snp-soykb-52": 1.1313021717445706,
  "select_variants_indel-soykb-52;select_variants_indel-soykb-52": 2.0247834662550384,
  "genotype_gvcfs-soykb-52;sort_sam-soykb-52": 0.8650562434247795,
  "sort_sam-soykb-52;genotype_gvcfs-soykb-52": 0.7690677966101694,
  "select_variants_snp-soykb-52;combine_variants-soykb-52": 1.166722083194792,
  "combine_variants-soykb-52;select_variants_snp-soykb-52": 1.1256599788806758,
  "add_replace-soykb-52;add_replace-soykb-52": 0.8701298701298701,
  "select_variants_snp-soykb-52;filtering_indel-soykb-52": 0.8729328176679558,
  "filtering_indel-soykb-52;select_variants_snp-soykb-52": 1.1979606188466947,
  "genotype_gvcfs-soykb-52;realign_target_creator-soykb-52": 1.1800598850853767,
  "realign_target_creator-soykb-52;genotype_gvcfs-soykb-52": 0.9477706025580567,
  "combine_variants-soykb-52;combine_variants-soykb-52": 1.2655755015839494,
  "merge_gcvf-soykb-52;select_variants_indel-soykb-52": 1.0096400305345457,
  "select_variants_indel-soykb-52;merge_gcvf-soykb-52": 1.0624946402538376,
  "dedup-soykb-52;add_replace-soykb-52": 1.1821247892074198,
  "add_replace-soykb-52;dedup-soykb-52": 1.4307359307359306,
  "sort_sam-soykb-52;realign_target_creator-soykb-52": 0.9046610169491526,
  "realign_target_creator-soykb-52;sort_sam-soykb-52": 0.8992368175387606,
  "add_replace-soykb-52;filtering_snp-soykb-52": 1.1385281385281385,
  "filtering_snp-soykb-52;add_replace-soykb-52": 1.1337209302325582,
  "genotype_gvcfs-soykb-52;haplotype_caller-soykb-52": 0.17836044347333496,
  "haplotype_caller-soykb-52;genotype_gvcfs-soykb-52": 1.019842924079972,
  "sort_sam-soykb-52;add_replace-soykb-52": 1.0402542372881356,
  "add_replace-soykb-52;sort_sam-soykb-52": 1.147186147186147,
  "realign_target_creator-soykb-52;realign_target_creator-soykb-52": 1.5271155937521053,
  "alignment_to_reference-soykb-52;select_variants_snp-soykb-52": 1.1857764876632801,
  "select_variants_snp-soykb-52;alignment_to_reference-soykb-52": 1.194582013544966,
  "add_replace-soykb-52;haplotype_caller-soykb-52": 1.2987012987012987,
  "haplotype_caller-soykb-52;add_replace-soykb-52": 0.9117073252071834,
  "combine_variants-soykb-52;indel_realign-soykb-52": 1.5704857444561775,
  "indel_realign-soykb-52;combine_variants-soykb-52": 1.523370638578012,
  "merge_gcvf-soykb-52;dedup-soykb-52": 0.9769717456407266,
  "dedup-soykb-52;merge_gcvf-soykb-52": 1.1340640809443507,
  "genotype_gvcfs-soykb-52;genotype_gvcfs-soykb-52": 1.084972080602088,
  "dedup-soykb-52;select_variants_snp-soykb-52": 1.230185497470489,
  "select_variants_snp-soykb-52;dedup-soykb-52": 1.0847697880755298,
  "realign_target_creator-soykb-52;haplotype_caller-soykb-52": 1.102620612663247,
  "haplotype_caller-soykb-52;realign_target_creator-soykb-52": 1.3669106734921879,
  "add_replace-soykb-52;filtering_indel-soykb-52": 1.3571428571428572,
  "filtering_indel-soykb-52;add_replace-soykb-52": 1.149789029535865,
  "genotype_gvcfs-soykb-52;dedup-soykb-52": 0.9769766124463867,
  "dedup-soykb-52;genotype_gvcfs-soykb-52": 1.3440134907251264,
  "alignment_to_reference-soykb-52;merge_gcvf-soykb-52": 1.230043541364296,
  "merge_gcvf-soykb-52;alignment_to_reference-soykb-52": 0.9590238567055376,
  "select_variants_indel-soykb-52;genotype_gvcfs-soykb-52": 1.185468656204442,
  "genotype_gvcfs-soykb-52;select_variants_indel-soykb-52": 0.9773407785061099,
  "filtering_snp-soykb-52;filtering_snp-soykb-52": 1.2078488372093024,
  "combine_variants-soykb-52;sort_sam-soykb-52": 1.0401267159450898,
  "sort_sam-soykb-52;combine_variants-soykb-52": 1.3877118644067796,
  "combine_variants-soykb-52;haplotype_caller-soykb-52": 1.2690073917634637,
  "haplotype_caller-soykb-52;combine_variants-soykb-52": 0.9874272565073119,
  "merge_gcvf-soykb-52;indel_realign-soykb-52": 1.077801541018238,
  "indel_realign-soykb-52;merge_gcvf-soykb-52": 1.055957867017775,
  "indel_realign-soykb-52;sort_sam-soykb-52": 0.945687952600395,
  "sort_sam-soykb-52;indel_realign-soykb-52": 0.9385593220338984,
  "select_variants_snp-soykb-52;add_replace-soykb-52": 1.1636245909385226,
  "add_replace-soykb-52;select_variants_snp-soykb-52": 1.2683982683982684,
  "alignment_to_reference-soykb-52;filtering_indel-soykb-52": 1.2075471698113207,
  "filtering_indel-soykb-52;alignment_to_reference-soykb-52": 1.2162447257383966,
  "indel_realign-soykb-52;alignment_to_reference-soykb-52": 1.0829493087557605,
  "alignment_to_reference-soykb-52;indel_realign-soykb-52": 1.197387518142235,
  "sort_sam-soykb-52;haplotype_caller-soykb-52": 1.228813559322034,
  "haplotype_caller-soykb-52;sort_sam-soykb-52": 0.9187440596288206,
  "haplotype_caller-soykb-52;select_variants_indel-soykb-52": 1.1011322139033866,
  "select_variants_indel-soykb-52;haplotype_caller-soykb-52": 0.893362490352457,
  "genotype_gvcfs-soykb-52;filtering_snp-soykb-52": 0.9626122845350813,
  "filtering_snp-soykb-52;genotype_gvcfs-soykb-52": 1.2434593023255813,
  "alignment_to_reference-soykb-52;filtering_snp-soykb-52": 1.1799709724238026,
  "filtering_snp-soykb-52;alignment_to_reference-soykb-52": 1.264171511627907,
  "filtering_indel-soykb-52;merge_gcvf-soykb-52": 1.2144866385372715,
  "merge_gcvf-soykb-52;filtering_indel-soykb-52": 1.0190522546818812,
  "merge_gcvf-soykb-52;merge_gcvf-soykb-52": 1.12308973378489,
  "indel_realign-soykb-52;filtering_indel-soykb-52": 1.207373271889401,
  "filtering_indel-soykb-52;indel_realign-soykb-52": 1.2591420534458508,
  "combine_variants-soykb-52;filtering_indel-soykb-52": 1.0166314677930306,
  "filtering_indel-soykb-52;combine_variants-soykb-52": 1.1772151898734178,
  "sort_sam-soykb-52;dedup-soykb-52": 1.0805084745762712,
  "dedup-soykb-52;sort_sam-soykb-52": 1.1222596964586846,
  "filtering_snp-soykb-52;haplotype_caller-soykb-52": 1.356468023255814,
  "haplotype_caller-soykb-52;filtering_snp-soykb-52": 1.049473912390989,
  "filtering_snp-soykb-52;select_variants_indel-soykb-52": 1.349563953488372,
  "select_variants_indel-soykb-52;filtering_snp-soykb-52": 1.1753280164651403,
  "genotype_gvcfs-soykb-52;combine_variants-soykb-52": 0.9936473254026058,
  "combine_variants-soykb-52;genotype_gvcfs-soykb-52": 1.0731256599788808,
  "haplotype_caller-soykb-52;merge_gcvf-soykb-52": 1.1563755815310734,
  "merge_gcvf-soykb-52;haplotype_caller-soykb-52": 1.0496037796051025,
  "dedup-soykb-52;haplotype_caller-soykb-52": 1.0741989881956155,
  "haplotype_caller-soykb-52;dedup-soykb-52": 0.8967334211535576,