{
  "mconcatfit-montage-1.0;mconcatfit-montage-1.0": 1.0725999587190187,
  "mshrink-montage-1.0;madd-montage-1.0": 1.0021963464080006,
  "madd-montage-1.0;mshrink-montage-1.0": 1.0533268604239807,
  "mimgtbl-montage-1.0;mconcatfit-montage-1.0": 1.0381189390871841,
  "mconcatfit-montage-1.0;mimgtbl-montage-1.0": 1.036156246123626,
  "mprojectpp-montage-1.0;mbgmodel-montage-1.0": 1.0400944946129802,
  "mbgmodel-montage-1.0;mprojectpp-montage-1.0": 0.9741635397554511,
  "mshrink-montage-1.0;mjpeg-montage-1.0": 1.008099999868024,
  "mjpeg-montage-1.0;mshrink-montage-1.0": 1.0125571824052042,
  "mconcatfit-montage-1.0;mdifffit-montage-1.0": 1.0196553681840204,
  "mdifffit-montage-1.0;mconcatfit-montage-1.0": 1.0153326316090614,
  "mprojectpp-montage-1.0;mprojectpp-montage-1.0": 1.0254059679445562,
  "mprojectpp-montage-1.0;mbackground-montage-1.0": 1.028123616890634,
  "mbackground-montage-1.0;mprojectpp-montage-1.0": 1.0068676907744722,
  "mimgtbl-montage-1.0;mjpeg-montage-1.0": 1.0597249390924404,
  "mjpeg-montage-1.0;mimgtbl-montage-1.0": 1.016445659324629,
  "mdifffit-montage-1.0;mbgmodel-montage-1.0": 1.0355151680424135,
  "mbgmodel-montage-1.0;mdifffit-montage-1.0": 0.9686577078629689,
  "mimgtbl-montage-1.0;mprojectpp-montage-1.0": 0.9930776618420596,
  "mprojectpp-montage-1.0;mimgtbl-montage-1.0": 1.024703033974815,
  "mconcatfit-montage-1.0;mbackground-montage-1.0": 1.0061046714191177,
  "mbackground-montage-1.0;mconcatfit-montage-1.0": 0.9983204544787505,
  "mshrink-montage-1.0;mbackground-montage-1.0": 0.9568133517242445,
  "mbackground-montage-1.0;mshrink-montage-1.0": 1.0013960855768558,
  "mdifffit-montage-1.0;mdifffit-montage-1.0": 1.0003702030482455,
  "madd-montage-1.0;mdifffit-montage-1.0": 1.0303514085206475,
  "mdifffit-montage-1.0;madd-montage-1.0": 1.0663448082287994,
  "mimgtbl-montage-1.0;mshrink-montage-1.0": 1.0207632856443047,
  "mshrink-montage-1.0;mimgtbl-montage-1.0": 0.9812819853495285,
  "mjpeg-montage-1.0;mjpeg-montage-1.0": 1.0184852747263133,
  "mbackground-montage-1.0;mbackground-montage-1.0": 1.0263796161495986,
  "mimgtbl-montage-1.0;mbackground-montage-1.0": 1.016624692885191,
  "mbackground-montage-1.0;mimgtbl-montage-1.0": 0.9964772904120178,
  "mconcatfit-montage-1.0;mjpeg-montage-1.0": 0.9679523629376788,
  "mjpeg-montage-1.0;mconcatfit-montage-1.0": 1.0046742218619602,
  "mdifffit-montage-1.0;mjpeg-montage-1.0": 1.0104506424140756,
  "mjpeg-montage-1.0;mdifffit-montage-1.0": 1.0140883567845276,
  "madd-montage-1.0;mconcatfit-montage-1.0": 1.0449911469272748,
  "mconcatfit-montage-1.0;madd-montage-1.0": 1.053492593892749,
  "madd-montage-1.0;mbackground-montage-1.0": 1.010401631967496,
  "mbackground-montage-1.0;madd-montage-1.0": 1.073651556508113,
  "mshrink-montage-1.0;mbgmodel-montage-1.0": 0.9696240569673729,
  "mbgmodel-montage-1.0;mshrink-montage-1.0": 0.9707716794699885,
  "mbgmodel-montage-1.0;mbackground-montage-1.0": 0.9756649574218887,
  "mbackground-montage-1.0;mbgmodel-montage-1.0": 1.0007591421021167,
  "mbgmodel-montage-1.0;mbgmodel-montage-1.0": 0.9824749270509596,
  "mdifffit-montage-1.0;mbackground-montage-1.0": 0.9702700201206866,
  "mbackground-montage-1.0;mdifffit-montage-1.0": 0.9543906808454394,
  "mdifffit-montage-1.0;mprojectpp-montage-1.0": 1.0630399847742082,
  "mprojectpp-montage-1.0;mdifffit-montage-1.0": 1.015761832192608,
  "mbgmodel-montage-1.0;mconcatfit-montage-1.0": 0.9778831192463638,
  "mconcatfit-montage-1.0;mbgmodel-montage-1.0": 1.0043099607733383,
  "mimgtbl-montage-1.0;mdifffit-montage-1.0": 0.9980097642141714,
  "mdifffit-montage-1.0;mimgtbl-montage-1.0": 0.973122512508405,
  "mimgtbl-montage-1.0;mimgtbl-montage-1.0": 1.0058370151840197,
  "mshrink-montage-1.0;mshrink-montage-1.0": 1.037902276511597,
  "mjpeg-montage-1.0;mbackground-montage-1.0": 1.0104517399216335,
  "mbackground-montage-1.0;mjpeg-montage-1.0": 1.022224388080163,
  "mshrink-montage-1.0;mdifffit-montage-1.0": 0.9871736584704586,
  "mdifffit-montage-1.0;mshrink-montage-1.0": 1.0166963901772559,
  "mbgmodel-montage-1.0;mjpeg-montage-1.0": 0.9741117961244408,
  "mjpeg-montage-1.0;mbgmodel-montage-1.0": 1.0017927094242884,
  "mbgmodel-montage-1.0;madd-montage-1.0": 0.9743140924812728,
  "madd-montage-1.0;mbgmodel-montage-1.0": 1.0303464973707528,
  "madd-montage-1.0;madd-montage-1.0": 0.9960994280362654,
  "mshrink-montage-1.0;mconcatfit-montage-1.0": 0.9712504776709627,
  "mconcatfit-montage-1.0;mshrink-montage-1.0": 1.0029473672149072,
  "mjpeg-montage-1.0;madd-montage-1.0": 1.0334783703573842,
  "madd-montage-1.0;mjpeg-montage-1.0": 1.0759215773836879,
  "mimgtbl-montage-1.0;mbgmodel-montage-1.0": 1.0263625207468192,
  "mbgmodel-montage-1.0;mimgtbl-montage-1.0": 0.9828187734810203,
  "mconcatfit-montage-1.0;mprojectpp-montage-1.0": 1.0410178003954373,
  "mprojectpp-montage-1.0;mconcatfit-montage-1.0": 1.0585427369713083,
  "mprojectpp-montage-1.0;madd-montage-1.0": 1.0380863726278238,
  "madd-montage-1.0;mprojectpp-montage-1.0": 1.0241834000794516,
  "mimgtbl-montage-1.0;madd-montage-1.0": 1.0085990501482023,
  "madd-montage-1.0;mimgtbl-montage-1.0": 1.027524973268738,
  "mprojectpp-montage-1.0;mshrink-montage-1.0": 1.0189581443354885,
  "mshrink-montage-1.0;mprojectpp-montage-1.0": 0.9714109667038731,
  "mprojectpp-montage-1.0;mjpeg-montage-1.0": 1.026504621243009,
  "mjpeg-montage-1.0;mprojectpp-montage-1.0": 1.0079263817198123
}